<?xml version="1.0" encoding="UTF-8" standalone="yes"?>
<Countries>
    <Country>
        <Country_Name>Spain</Country_Name>
        <Country_Capital>Madrid</Country_Capital>
        <Country_Foundation_Date>Fri Oct 20 00:00:00 IST 1469</Country_Foundation_Date>
        <Country_Continent>Europe</Country_Continent>
        <Country_Population>0</Country_Population>
    </Country>
    <Country>
        <Country_Name>USA</Country_Name>
        <Country_Capital>Washington</Country_Capital>
        <Country_Foundation_Date>Sat Oct 03 12:01:28 IST 2015</Country_Foundation_Date>
        <Country_Continent>America</Country_Continent>
        <Country_Population>0</Country_Population>
    </Country>
</Countries>
