<project xmlns="http://maven.apache.org/POM/4.0.0" xmlns:xsi="http://www.w3.org/2001/XMLSchema-instance"
  xsi:schemaLocation="http://maven.apache.org/POM/4.0.0 http://maven.apache.org/maven-v4_0_0.xsd">
  <modelVersion>4.0.0</modelVersion>
  <groupId>com.howtodoinjava</groupId>
  <artifactId>JAXBDemo</artifactId>
  <packaging>jar</packaging>
  <version>1.0-SNAPSHOT</version>
  <name>JAXBDemo</name>
  <url>http://maven.apache.org</url>
  <dependencies>
    <dependency>
      <groupId>junit</groupId>
      <artifactId>junit</artifactId>
      <version>4.11</version>
      <scope>test</scope>
    </dependency>
    <dependency>
		<groupId>com.sun.xml.bind</groupId>
		<artifactId>jaxb-core</artifactId>
		<version>2.2.8-b01</version>
	</dependency>
    <dependency>
		<groupId>com.sun.xml.bind</groupId>
		<artifactId>jaxb-impl</artifactId>
		<version>2.2-promoted-b65</version>
	</dependency>
  </dependencies>
</project>
